Id ;Tipo;Nombre;Objetivo;Precondiciones;Datos de entrada;Nro;Paso;Resultado esperado;Resultado Actual;Prioridad;Estado del CP;
CA-01;Positivo;REGISTER - Registrar un usuario al sistema con datos validos;Registrar un usuario;PC con Windows 10, un navegador web y conexión a internet;;1;Ingresar al sitio web;Que se muestre la pagina principal del sitio web;Se mostro la pagina;Alta;Paso;
;;;;;;2;"Ir a la sección ""INICIAR SESION""";Que se muestre el modulo de inicio de sesión;Se mostro el modulo de inicio de sesion;;;
;;;;;;3;"Seleccionar la opcion ""CREAR CUENTA""";Redireccion al modulo de registro de usuario;Se redirigio al modulo de registro de usuario;;;
;;;;;Correo electronico: coderhousetest10@gmail.com;4;Completar correo electronico;Que se muestre el correo electronico;Se mostro el nombre el correo electronico;;;
;;;;;;5;Clickear el botón para continuar;Que se continue con el registro de usuario;Se continuo con el registro de usuario;;;
;;;;;Fecha de nacimiento: 01/01/2001;6;Completar fecha de nacimiento;Que se muestre la fecha de nacimiento;Se mostro la fecha de nacimiento;;;
;;;;;;7;Clickear el botón para continuar;Que se continue con el registro de usuario;Se continuo con el registro de usuario;;;
;;;;;Nombre de usuario: Coderhousetest1;8;Completar Nombre de usuario;Que se muestre el nombre de usuario;Se mostro el nombre de usuario;;;
;;;;;;9;Clickear el botón para continuar;Que se continue con el registro de usuario;Se continuo con el registro de usuario;;;
;;;;;Contraseña: Cod3rhous3.;10;Completar contraseña;Que se muestre la contraseña enmascarada;Se mostro la contraseña enmascarada;;;
;;;;;;11;Clickear el botón para continuar;Que se registre el usuario y se lo redireccione a la pagina principal;Se registro al usuario y se lo redirigio a la pagina principal;;;
CA-02;Negativo;REGISTER - Intentar registrar un usuario al sistema con todos los campos vacios;Validar un mensaje de error al no completar ningun campo de texto;PC con Windows 10, un navegador web y conexión a internet;;1;Ingresar al sitio web;Que se muestre la pagina principal del sitio web;Se mostro la pagina;Alta;Paso;
;;;;;;2;"Ir a la seccion ""INICIAR SESION""";Que se muestre el modulo de inicio de sesión;Se mostro el modulo de inicio de sesion;;;
;;;;;;3;"Seleccionar la opcion ""CREAR CUENTA""";Redireccion al modulo de registro de usuario;Se redirigio al modulo de registro de usuario;;;
;;;;;;4;NO completar correo electronico;Que no permita al usuario avanzar sin completar el correo electronico;El boton para continuar esta deshabilitado ya que el usuario no ingreso su correo electronico;;;
;;;;;;;;;;;;
;;;;;;;;;;;;
;;;;;;;;;;;;
;;;;;;;;;;;;
CA-03;Positivo;LOGIN - Ingresar al sistema con datos validos;Ingresar al sistema;PC con Windows 10, un navegador web, conexión a internet y un usuario previamente registrado;;1;Ingresar al sitio web;Que se muestre la pagina principal del sitio web;Se mostro la pagina;Alta;Paso;
;;;;;;2;"Ir a la sección ""INICIAR SESION""";Que se muestre el modulo de inicio de sesión;Se mostro el modulo de inicio de sesion;;;
;;;;;Nombre de usuario: Coderhousetest1;3;Completar nombre de usuario;Que se muestre el usuario;Se mostro el usuario;;;
;;;;;Contraseña: Cod3rhous3.;4;Completar contraseña;Que se muestre la contraseña enmascarada;Se mostro la contraseña enmascarada;;;
;;;;;;5;Clickear el botón para continuar;Redireccion a la pagina principal;Se redirigio a la pagina principal;;;
;;;;;;;;;;;;
CA-04;Negativo;LOGIN - Intentar ingresar al sistema con nombre de usuario inexistente;Validar un mensaje de error al utilizar datos invalidos;PC con Windows 10, un navegador web, conexión a internet y un usuario previamente registrado;;1;Ingresar al sitio web;Que se muestre la pagina principal del sitio web;Se mostro la pagina;Alta;Paso;
;;;;;;2;"Ir a la seccion ""INICIAR SESION""";Que se muestre el modulo de inicio de sesión;Se mostro el modulo de inicio de sesion;;;
;;;;;Nombre de usuario: Coderhousetest2;3;Completar nombre de usuario con uno inexistente;Que se muestre el usuario;Se mostro el usuario;;;
;;;;;Contraseña: Cod3rhous3.;4;Completar contraseña;Que se muestre la contraseña enmascarada;Se mostro la contraseña enmascarada;;;
;;;;;;5;Clickear el botón para continuar;"Que se muestre el mensaje de error ""Tu usuario o contraseña son incorrectos, o tal vez necesitas actualizar a una cuenta de Riot si llevas varios meses sin jugar. Haz clic en el enlace de No puedo iniciar sesión para más información.""";Se mostro el mensaje de error correspondiente;;;
;;;;;;;;;;;;
;;;;;;;;;;;;
;;;;;;;;;;;;
CA-05;Negativo;LOGIN - Intentar ingresar al sistema con una contraseña erronea;Validar un mensaje de error al ingresar mal la cotraseña;PC con Windows 10, un navegador web, conexión a internet y un usuario previamente registrado;;1;Ingresar al sitio web;Que se muestre la pagina principal del sitio web;Se mostro la pagina;Alta;Paso;
;;;;;;2;"Ir a la sección ""INICIAR SESION""";Que se muestre el modulo de inicio de sesión;Se mostro el modulo de inicio de sesion;;;
;;;;;Nombre de usuario: Coderhousetest1;3;Completar nombre de usuario;Que se muestre el usuario;Se mostro el usuario;;;
;;;;;Contraseña: Coderhouse;4;Completar contraseña de manera erronea;Que se muestre la contraseña enmascarada;Se mostro la contraseña enmascarada;;;
;;;;;;5;Clickear el botón para continuar;"Que se muestre el mensaje de error ""Tu usuario o contraseña son incorrectos, o tal vez necesitas actualizar a una cuenta de Riot si llevas varios meses sin jugar. Haz clic en el enlace de No puedo iniciar sesión para más información.""";Se mostro el mensaje de error correspondiente;;;
;;;;;;;;;;;;
CA-06;Positivo;LOGOUT - Cerrar sesion del sistema;Cerrar sesion del sistema;PC con Windows 10, un navegador web, conexión a internet, un usuario previamente registrado y haber hecho un LOGIN previamente;;1;Ingresar al sitio web;Que se muestre la pagina principal del sitio web;Se mostro la pagina;Media;Paso;
;;;;;;2;"Clickear el boton ""Cerrar Sesion"" dentro del menu desplazable ""Mi cuenta""";Que se cierre sesion y se redirija al usuario a la pagina principal;Se cerro la sesion y se redirigio al usuario a la pagina principal;;;
;;;;;;;;;;;;
;;;;;;;;;;;;
;;;;;;;;;;;;
;;;;;;;;;;;;
;;;;;;;;;;;;
;;;;;;;;;;;;
CA-07;Positivo;MENU HEADER - TRABAJAR CON NOSOTROS - Enviar solicitud laboral;Enviar una solicitud laboral en cualquier puesto;PC con Windows 10, un navegador web y conexión a internet;;1;Ingresar al sitio web;Que se muestre la pagina principal del sitio web;Se mostro la pagina;Media;Paso;
;;;;;;2;"Ir a la seccion ""Empleos"" dentro del menu desplazable ""Trabaja con nosotros"" del header";Redireccion a la pagina de empleos;Se redirigio a la pagina de empleos;;;
;;;;;;3;Seleccionar un puesto laboral cualquiera;Redireccion a la pagina que explique de que trata el puesto laboral en cuestion;Se redirigio a la pagina del puesto laboral en cuestion;;;
;;;;;;4;"Clickear el boton ""/ Apply""";Que se habilite el formulario de aplicacion;Se habilito el formulario de aplicacion;;;
;;;;;https://prnt.sc/XcHGEow8vAyV;5;Completar los campos requeridos con datos validos;Que se muestren los datos correctamente;Se mostraron los datos correctamente;;;
;;;;;;6;"Clickear el boton ""Submit Application""";Redireccion a una pagina de confirmacion;Se redirigio a la pagina de confirmacion;;;
;;;;;;;;;;;;
;;;;;;;;;;;;
CA-08;Negativo;MENU HEADER - TRABAJAR CON NOSOTROS - Intentar enviar solicitud laboral con todos los campos vacios;Validar un mensaje de error al no completar los campos de texto requeridos;PC con Windows 10, un navegador web y conexión a internet;;1;Ingresar al sitio web;Que se muestre la pagina principal del sitio web;Se mostro la pagina;Media;Paso;
;;;;;;2;"Ir a la seccion ""Empleos"" dentro del menu desplazable ""Trabaja con nosotros"" del header";Redireccion a la pagina de empleos;Se redirigio a la pagina de empleos;;;
;;;;;;3;Seleccionar un puesto laboral cualquiera;Redireccion a la pagina que explique de que trata el puesto laboral en cuestion;Se redirigio a la pagina del puesto laboral en cuestion;;;
;;;;;;4;"Clickear el boton ""/ Apply""";Que se habilite el formulario de aplicacion;Se habilito el formulario de aplicacion;;;
;;;;;;5;"Clickear el boton ""Submit Application""";"Que no deje al usuario enviar el formulario y le solicite los campos obligatorios con el mensaje de error: ""  is required.""";Se solicitaron los datos requeridos con el mensaje de error correspondiente y no dejo que el usuario envie el formulario;;;
;;;;;;;;;;;;
CA-09;Positivo;MENU FOOTER - SEGURIDAD - Reportar una vulnerabilidad de seguridad;Reportar una vulnerabilidad de seguridad;PC con Windows 10, un navegador web y conexión a internet;;1;Ingresar al sitio web;Que se muestre la pagina principal del sitio web;Se mostro la pagina;Baja;Fallo;
;;;;;;2;"Ir a la seccion ""SEGURIDAD"" dentro del menu footer";"Que se muestre la seccion ""SEGURIDAD""";"Se mostro la seccion ""SEGURIDAD""";;;
;;;;;;3;"Clcikear en la opcion ""REPORTAR UNA VULNERABILIDAD SE SEGURIDAD""";Redireccion a la pagina de reportes de vulnerabilidad;Se muestra un mensaje de Error 404;;;
;;;;;;;;;;;;
;;;;;;;;;;;;
;;;;;;;;;;;;
;;;;;;;;;;;;
;;;;;;;;;;;;
CA-10;Positivo;"MENU FOOTER - Ingresar a la sección de ""SOPORTE A LOS JUGADORES""";Ingresar a la seccion de soporte al jugador;PC con Windows 10, un navegador web y conexión a internet;;1;Ingresar al sitio web;Que se muestre la pagina principal del sitio web;Se mostro la pagina;Media;Paso;
;;;;;;2;"Ir a la seccion ""SOPORTE A LOS JUGADORES"" dentro del menu footer";Redireccion a la pagina de soporte al jugador;Se redirigio a la pagina de soporte al jugador;;;
;;;;;;;;;;;;
;;;;;;;;;;;;
;;;;;;;;;;;;
;;;;;;;;;;;;
